INSERT INTO TB_ROLE(ID, NAME) VALUES ('519b82f0-1848-11ed-861d-0242ac120000', 'Desenvolvedor Backend');
INSERT INTO TB_ROLE(ID, NAME) VALUES ('519b82f0-1848-11ed-861d-0242ac120001', 'Desenvolvedor Frontend');
INSERT INTO TB_ROLE(ID, NAME) VALUES ('519b82f0-1848-11ed-861d-0242ac120002', 'QA');

INSERT INTO TB_TECH(ID, NAME) VALUES ('519b82f0-1848-11ed-861d-0242ac120003', 'Java');
INSERT INTO TB_TECH(ID, NAME) VALUES ('519b82f0-1848-11ed-861d-0242ac120004', 'React');
INSERT INTO TB_TECH(ID, NAME) VALUES ('519b82f0-1848-11ed-861d-0242ac120005', 'Typescript');

INSERT INTO TB_CLIENT(ID, NAME, DESCRIPTION) VALUES ('519b82f0-1848-11ed-861d-0242ac120006', 'Cliente 1', 'Descrição do cliente 1');
INSERT INTO TB_CLIENT(ID, NAME, DESCRIPTION) VALUES ('519b82f0-1848-11ed-861d-0242ac120007', 'Cliente 2', 'Descrição do cliente 2');
INSERT INTO TB_CLIENT(ID, NAME, DESCRIPTION) VALUES ('519b82f0-1848-11ed-861d-0242ac120008', 'Cliente 3', 'Descrição do cliente 3');

INSERT INTO TB_PROJECT(ID, NAME, DESCRIPTION, START_DATE, FINISH_DATE, STATUS, CLIENT_ID) VALUES ('519b82f0-1848-11ed-861d-0242ac120009', 'Projeto 1', 'Descrição do projeto 1', '2022-08-05', null, 0, '519b82f0-1848-11ed-861d-0242ac120006');
INSERT INTO TB_PROJECT(ID, NAME, DESCRIPTION, START_DATE, FINISH_DATE, STATUS, CLIENT_ID) VALUES ('519b82f0-1848-11ed-861d-0242ac120010', 'Projeto 2', 'Descrição do projeto 2', '2022-08-06', null, 1, '519b82f0-1848-11ed-861d-0242ac120007');
INSERT INTO TB_PROJECT(ID, NAME, DESCRIPTION, START_DATE, FINISH_DATE, STATUS, CLIENT_ID) VALUES ('519b82f0-1848-11ed-861d-0242ac120011', 'Projeto 3', 'Descrição do projeto 3', '2022-08-07', null, 2, '519b82f0-1848-11ed-861d-0242ac120008');


INSERT INTO TB_EMPLOYEE(ID, NAME, BIRTH_DATE, EMAIL, START_DATE, INTERESTING, STATUS, ROLE_ID, TECH_ID, CLIENT_ID, PROJECT_ID) VALUES ('519b82f0-1848-11ed-861d-0242ac120012', 'Colaborador 1', '2000-08-08', 'colaborador1@teste.com.br', '2021-08-08', 'Aprender testes automatizados da pirâmide de testes: unitário, intergação e E2E.', 0, '519b82f0-1848-11ed-861d-0242ac120000', '519b82f0-1848-11ed-861d-0242ac120003', '519b82f0-1848-11ed-861d-0242ac120006', '519b82f0-1848-11ed-861d-0242ac120009');
INSERT INTO TB_EMPLOYEE(ID, NAME, BIRTH_DATE, EMAIL, START_DATE, INTERESTING, STATUS, ROLE_ID, TECH_ID, CLIENT_ID, PROJECT_ID) VALUES ('519b82f0-1848-11ed-861d-0242ac120013', 'Colaborador 2', '2000-08-09', 'colaborador2@teste.com.br', '2021-08-09', 'Ensinar testes automatizados da pirâmide de testes: unitário, intergação e E2E com Java.', 0, '519b82f0-1848-11ed-861d-0242ac120001', '519b82f0-1848-11ed-861d-0242ac120004', '519b82f0-1848-11ed-861d-0242ac120007', '519b82f0-1848-11ed-861d-0242ac120010');
INSERT INTO TB_EMPLOYEE(ID, NAME, BIRTH_DATE, EMAIL, START_DATE, INTERESTING, STATUS, ROLE_ID, TECH_ID, CLIENT_ID, PROJECT_ID) VALUES ('519b82f0-1848-11ed-861d-0242ac120014', 'Colaborador 3', '2000-08-10', 'colaborador3@teste.com.br', '2021-08-10', 'Aprender Reactive Native e Typescript.', 0, '519b82f0-1848-11ed-861d-0242ac120002', '519b82f0-1848-11ed-861d-0242ac120005', '519b82f0-1848-11ed-861d-0242ac120008', '519b82f0-1848-11ed-861d-0242ac120011');

